name,L2,L3,Length,AA,Clade,Class
A0A010Q3S0,220.68,158.68,218,AEQRKLLEQLMGGSASTRAASLSMTDPKVCRSFLVGTCPHDLFTNTKQDLGPCPKQHSEALKAEYEglSDKEKQKYGFEYDYMRDLQKYIDDCNRRIDSAQRRLEKTPDEIRQTNALLKSIAELSSTIHNGTLEVEILGEMAEVSRAIDEFYRVRQAQQTKLDREKELKALSDTSGPSGHQKLQVCDVCGAYLSRLDNDRRLADHFYGKMHLGYAQMR,Opisthokonta,L2-type
A0A015JMI8,188.59,126.57,169,MDLGACPKMHSERLKSEYEEAKKRKECDYEAEFERNLANFVADCDRKIASAQKRLDKTPEDSAKVTQLTKEIESLATEISELTKEVEVLGEEGKVTESIKLLQDVDAKKVIKTEKEKELKSSAEGSGPSQQQKLRVCEVCSAYLSIFDSDRRLADHFGGKMHLGYLKIR,Opisthokonta,L2-type
A0A015K223,154.83,293.66,215,MDYQRQLLEELMAPFERSNKHNFWDDSVCKHFLVKFCPNSLFTNTKSDLGPCTKVHDEKLRKQYQEAPDRTKYGYEIKFYDYLQSLCNDLDKKIRKGNDRLNVRPDDTLLNPNKDEKEEKMIILDEKIKELLVKIEEAGEEGRVQEAQILTKEVETLQKDLDFLKNSDDSNPLFKQERRMLVCEVCGAFLVTNDTSNRMDAHLQGKQHTGYKQIR,Opisthokonta,L3-type
A0A015LDW1,260.80,180.62,217,AEARKALEALMGAEALGGVPDHMKYDDDKVCRNYLCGLCPHDLFTNTKMDLGACPKMHSERLKSEYEEAKKRKECDYEAEFERNLANFVADCDRKIASAQKRLDKTPEDSAKVTQLTKEIESLATEISELTKEVEVLGEEGKVTESIKLLQDVDAKKVIKTEKEKELKSSAEGSGPSQQQKLRVCEVCSAYLSIFDSDRRLADHFGGKMHLGYLKIR,Opisthokonta,L2-type
A0A016T530,284.93,129.99,218,MRDMIAQLMGSQKEGEEGRDLPPYHHPSVCRAYLIGCCPYELVPDSRlQGLVSCRKTHEPAHKADFLKAQKERDHYYDVDAFDILENAIRIVDNEISRIKDKLDREAREQTDTAEAVKTQRINDLSEQIGKAVAEMEELGNMGKVEESMKLSKTVEDLRARKAELEGQTDFRLAGPGSNAARLRVCEDCGAQLNIMDHESRIADHFGGKMHLGMVECR,Opisthokonta,L2-type
A0A016T5T1,284.93,129.99,218,MRDMIAQLMGSQKEGEEGRDLPPYHHPSVCRAYLIGCCPYELVPDSRlQGLVSCRKTHEPAHKADFLKAQKERDHYYDVDAFDILENAIRIVDNEISRIKDKLDREAREQTDTAEAVKTQRINDLSEQIGKAVAEMEELGNMGKVEESMKLSKTVEDLRARKAELEGQTDFRLAGPGSNAARLRVCEDCGAQLNIMDHESRIADHFGGKMHLGMVECR,Opisthokonta,L2-type
A0A016T5W3,286.91,132.84,220,DVMRDMIAQLMGSQKEGEEGRDLPPYHHPSVCRAYLIGCCPYELVPDSRlQGLVSCRKTHEPAHKADFLKAQKERDHYYDVDAFDILENAIRIVDNEISRIKDKLDREAREQTDTAEAVKTQRINDLSEQIGKAVAEMEELGNMGKVEESMKLSKTVEDLRARKAELEGQTDFRLAGPGSNAARLRVCEDCGAQLNIMDHESRIADHFGGKMHLGMVECR,Opisthokonta,L2-type
A0A016T609,286.91,132.84,220,DVMRDMIAQLMGSQKEGEEGRDLPPYHHPSVCRAYLIGCCPYELVPDSRlQGLVSCRKTHEPAHKADFLKAQKERDHYYDVDAFDILENAIRIVDNEISRIKDKLDREAREQTDTAEAVKTQRINDLSEQIGKAVAEMEELGNMGKVEESMKLSKTVEDLRARKAELEGQTDFRLAGPGSNAARLRVCEDCGAQLNIMDHESRIADHFGGKMHLGMVECR,Opisthokonta,L2-type
A0A016T640,286.91,132.84,220,DVMRDMIAQLMGSQKEGEEGRDLPPYHHPSVCRAYLIGCCPYELVPDSRlQGLVSCRKTHEPAHKADFLKAQKERDHYYDVDAFDILENAIRIVDNEISRIKDKLDREAREQTDTAEAVKTQRINDLSEQIGKAVAEMEELGNMGKVEESMKLSKTVEDLRARKAELEGQTDFRLAGPGSNAARLRVCEDCGAQLNIMDHESRIADHFGGKMHLGMVECR,Opisthokonta,L2-type
A0A016TX76,158.13,208.35,226,AMAAMLDELMGPKRNVELGKDTKVTFDDPDICKYYIVGFCPHDMFVNTKADLGACPRVHDDNLRLEYPKSDKFEKLGFEREFLKFLSRLDEDNQRRIRKNLEKLKANEENGQKKEDLRKLrdEQEIARIDGEIKLCMAEAEKAGEEGLVTKCQELVDKIEQLEKQKTAVEERLNNTATIPPPIDeSAIKVMEVCEVCGSMLIKNDAQCRVEEHLSGKMHMGFSKIK,Opisthokonta,L3-type
A0A016TXV0,158.13,208.35,226,AMAAMLDELMGPKRNVELGKDTKVTFDDPDICKYYIVGFCPHDMFVNTKADLGACPRVHDDNLRLEYPKSDKFEKLGFEREFLKFLSRLDEDNQRRIRKNLEKLKANEENGQKKEDLRKLrdEQEIARIDGEIKLCMAEAEKAGEEGLVTKCQELVDKIEQLEKQKTAVEERLNNTATIPPPIDeSAIKVMEVCEVCGSMLIKNDAQCRVEEHLSGKMHMGFSKIK,Opisthokonta,L3-type
A0A016TXZ9,158.13,208.35,226,AMAAMLDELMGPKRNVELGKDTKVTFDDPDICKYYIVGFCPHDMFVNTKADLGACPRVHDDNLRLEYPKSDKFEKLGFEREFLKFLSRLDEDNQRRIRKNLEKLKANEENGQKKEDLRKLrdEQEIARIDGEIKLCMAEAEKAGEEGLVTKCQELVDKIEQLEKQKTAVEERLNNTATIPPPIDeSAIKVMEVCEVCGSMLIKNDAQCRVEEHLSGKMHMGFSKIK,Opisthokonta,L3-type
A0A016TYG2,158.13,208.35,226,AMAAMLDELMGPKRNVELGKDTKVTFDDPDICKYYIVGFCPHDMFVNTKADLGACPRVHDDNLRLEYPKSDKFEKLGFEREFLKFLSRLDEDNQRRIRKNLEKLKANEENGQKKEDLRKLrdEQEIARIDGEIKLCMAEAEKAGEEGLVTKCQELVDKIEQLEKQKTAVEERLNNTATIPPPIDeSAIKVMEVCEVCGSMLIKNDAQCRVEEHLSGKMHMGFSKIK,Opisthokonta,L3-type
A0A016TZ64,158.13,208.35,226,AMAAMLDELMGPKRNVELGKDTKVTFDDPDICKYYIVGFCPHDMFVNTKADLGACPRVHDDNLRLEYPKSDKFEKLGFEREFLKFLSRLDEDNQRRIRKNLEKLKANEENGQKKEDLRKLrdEQEIARIDGEIKLCMAEAEKAGEEGLVTKCQELVDKIEQLEKQKTAVEERLNNTATIPPPIDeSAIKVMEVCEVCGSMLIKNDAQCRVEEHLSGKMHMGFSKIK,Opisthokonta,L3-type
A0A016VKT7,137.76,168.88,236,YMAQMLNELMGPQRNSLPGEGGAIDFDHPDVCRDFLVGFCLAEAFRNTKNDLGFCPYpIHDEALKKRYQESHRFGRLGYEEKYLERLNRMHSEVRRKIEKNEARLVHTRADTHVSCEVYDKKKKDLIEKremigrrIEGLMEEAEIEGQQGNVAAAQTAVQKADELTKERedlKKQEEELeleRQRAiTMEDQLTAGNKQMQVCQVCGCFMLTNDAQSRIDDHLSGKLHIAYTRIK,Opisthokonta,Unclassified
A0A016VLC2,137.76,168.88,236,YMAQMLNELMGPQRNSLPGEGGAIDFDHPDVCRDFLVGFCLAEAFRNTKNDLGFCPYpIHDEALKKRYQESHRFGRLGYEEKYLERLNRMHSEVRRKIEKNEARLVHTRADTHVSCEVYDKKKKDLIEKremigrrIEGLMEEAEIEGQQGNVAAAQTAVQKADELTKERedlKKQEEELeleRQRAiTMEDQLTAGNKQMQVCQVCGCFMLTNDAQSRIDDHLSGKLHIAYTRIK,Opisthokonta,Unclassified
A0A016VLQ3,137.76,168.88,236,YMAQMLNELMGPQRNSLPGEGGAIDFDHPDVCRDFLVGFCLAEAFRNTKNDLGFCPYpIHDEALKKRYQESHRFGRLGYEEKYLERLNRMHSEVRRKIEKNEARLVHTRADTHVSCEVYDKKKKDLIEKremigrrIEGLMEEAEIEGQQGNVAAAQTAVQKADELTKERedlKKQEEELeleRQRAiTMEDQLTAGNKQMQVCQVCGCFMLTNDAQSRIDDHLSGKLHIAYTRIK,Opisthokonta,Unclassified
A0A016VMH9,137.76,168.88,236,YMAQMLNELMGPQRNSLPGEGGAIDFDHPDVCRDFLVGFCLAEAFRNTKNDLGFCPYpIHDEALKKRYQESHRFGRLGYEEKYLERLNRMHSEVRRKIEKNEARLVHTRADTHVSCEVYDKKKKDLIEKremigrrIEGLMEEAEIEGQQGNVAAAQTAVQKADELTKERedlKKQEEELeleRQRAiTMEDQLTAGNKQMQVCQVCGCFMLTNDAQSRIDDHLSGKLHIAYTRIK,Opisthokonta,Unclassified
A0A016VN84,137.76,168.88,236,YMAQMLNELMGPQRNSLPGEGGAIDFDHPDVCRDFLVGFCLAEAFRNTKNDLGFCPYpIHDEALKKRYQESHRFGRLGYEEKYLERLNRMHSEVRRKIEKNEARLVHTRADTHVSCEVYDKKKKDLIEKremigrrIEGLMEEAEIEGQQGNVAAAQTAVQKADELTKERedlKKQEEELeleRQRAiTMEDQLTAGNKQMQVCQVCGCFMLTNDAQSRIDDHLSGKLHIAYTRIK,Opisthokonta,Unclassified
A0A017S5D0,212.32,165.12,224,AEQRKLLEQLMGADNLVGTGAPSrnAQLSITDSKVCRSYLVGTCPHDLFTNTKQDLGPCPKVHSEGLKTEYELASAGEKAKwgFDFDYMRDMQKYIDDCDRRIDSAQRRLEKTPDEIRQTNNLLKQISDLSKTINTGLLEVSVLGETGSVALALNELHKIRTAKHQKETCERELKNLQDTSGPSGHQKLQVCDVCGAYLSRLDNDRRLADHFFGKMHMGYSDMR,Opisthokonta,L2-type
A0A022QVH2,166.51,318.69,227,MDAQRALLDELMGSARNLTEEERKghREIKWDDKDVCGCYMVRFCPHDLFVNTRSDLGVCPKIHDPKLKESFEESPRHDSYVpkFEAELSQFCERLVSDLDRRVRRGRERLAQDVEVPPPPPISAEKAEQLSVLEEKIKNLLEQVESLGEAGKVDEAEALMRKVELLNIEKTALTQPPQPDKLLLVAQEKKMALCEICGSFLVANDAAERTQSHVTGKQHMGYGMVR,Viridiplantae,L3-type
A0A022RH43,313.66,181.45,304,MDALRKQLDVLMGANRNGDTEEVSRKYYDRDVCRLFLAGLCPHELFQLTKMDKGPCPKIHSLQLRKEYQEAKAKDVDNYDKDLEDNIDRLIVECDRKISRALKRLDEedakaaiaisvsevtqapdiieiskqikekmkeadqadlegntdmkiralelldelratradkqatllldafnrdraslpqplinAQQLTPVPAAISDPHIQEMINEKLKKAEELGEQGMVDEAQKALEEAEALKKLPARQEPVLDSSKYTAADVRITDQKLRVCDICGAFLSVYDSDRRLADHFGGKLHLGYMLIR,Viridiplantae,L2-type
A0A022RIA8,298.64,179.40,304,MDALRKQLDVLMGANRNGDSQEITRKYYDRDVCRLFLAGVCPHELFQLTKMDKGPCPKVHSLQLRKEYKEAKEKGLDNYDRELEDNIDRLIVECDRKIERALKRLDEddakaaiaisvtevtqtpetielskqikeklkeadqfdfegntdmkirtleevdelrtkradkqstllldafnkdraslpqplTSAPQAAPGPAALPDPFIQQMINEKLKKAEDLGEQGMIDEAQKALEEAEALKKLPARQEPMLDSSKYTAADVRITDQKLRVCDICGAFLSVYDSDRRLADHFGGKLHLGYILIR,Viridiplantae,L2-type
A0A022W023,203.44,157.13,213,QADQLIGGPSSGRNAQVAITDPKVCRSYLAGTCPHDLFTNTKQDLGPCPKLHSEGLKAEYDAASSHEKAKwgFEYDYLRDMQKYIDECNRRIDSAQRRLEKTPDEIRQTNHLLSQISDLNKTINAGLEETSVLGELGAVATAIDEFYKVRTAKHQKESLERDLKALADTSGPSGHQKLQVCDVCGAYLSRLDNDRRLADHFFGKMHLGYAKMR,Opisthokonta,L2-type
A0A022W058,212.81,168.40,224,AEQRKLLEQLMGADQLIggPSSGRNAQVAITDPKVCRSYLAGTCPHDLFTNTKQDLGPCPKLHSEGLKAEYDAASSHEKAKwgFEYDYLRDMQKYIDECNRRIDSAQRRLEKTPDEIRQTNHLLSQISDLNKTINAGLEETSVLGELGAVATAIDEFYKVRTAKHQKESLERDLKALADTSGPSGHQKLQVCDVCGAYLSRLDNDRRLADHFFGKMHLGYAKMR,Opisthokonta,L2-type
A0A022XQP0,210.60,167.81,224,AEQRKLLEQLMGADQLIggPSSGRNAQVAITDPKVCRSYLAGTCPHDLFTNTKQDLGPCSKLHSEGLKAEYDAASSHEKAKwgFEYDYLRDMQKYIDECNRRIDSAQRRLEKTPDEIRQTNHLLSQISDLNKTINAGLEETSVLGELGAVATAIDEFYKVRTAKHQKESLERDLKALADTSGPSGHQKLQVCDVCGAYLSRLDNDRRLADHFFGKMHLGYAKMR,Opisthokonta,L2-type
A0A022XRR5,201.33,156.65,213,QADQLIGGPSSGRNAQVAITDPKVCRSYLAGTCPHDLFTNTKQDLGPCSKLHSEGLKAEYDAASSHEKAKwgFEYDYLRDMQKYIDECNRRIDSAQRRLEKTPDEIRQTNHLLSQISDLNKTINAGLEETSVLGELGAVATAIDEFYKVRTAKHQKESLERDLKALADTSGPSGHQKLQVCDVCGAYLSRLDNDRRLADHFFGKMHLGYAKMR,Opisthokonta,L2-type
A0A023B4H7,144.85,228.49,212,VAALLDSLLGADRNELPSAAGvKRRSFADPDVCKYYLVDFCPHDLFPNTRSHLGPCPRVHDEAMKEEYKRSADKERYAveFEEEMLAFLKQLVSSAEQKIQKANRRIDAPLPENALLSDEQQQLINAMNDKITNLLKDAEIAGEKGDVEEVASITRQVQTLKREIERAGSLVYGSYMQREKSLRVCSICGAMQSVGDSMSRFESHVTGKLHL,Sar,L3-type
A0A023ENH0,163.22,294.15,228,MDVARQLLDELMGRNRNLDPSVKTKELNWEDEEFCTYFMVKFCPHELFVNTRADLGQCGKLHDEEAKKLFDAAKQCRKKIqYEEDFLRFCTNMINEVDRKIVKGQQRLLLMNSKLEARPVSKQQEQINTMNEKIEKLLREAEEAGIRGDVDQAQSLMQMSDQLKEEKDELIKQHESNgwSVTAEYAASQEKQMEVCQVCGAFLIVGDAQQRIDDHLTGKQHLGYSKLR,Opisthokonta,L3-type
A0A023EQC8,167.70,125.83,170,RMDLGECPKVHDLALRADYENASKSKDYYYDVDSMEHLQAFIADCDRRTEAAKKRLAETQEELTAEVAAKANAVHELAEEIGKKLAKAEALGEAGQVEESMKLMSEIDELRARKTKAEHEYRSAIPASSYQQQKLRVCEVCSAYLGIHDNDVRLADHFGGKLHLGFLAIR,Opisthokonta,L2-type
A0A023F996,171.09,262.44,230,AAAALLDELMGRYRNLAPSDKTKELNWEDPEFCKYYMVKFCPHDLFVNTRADLGTCPKVHDDEVKALFEKSNSYKKQTYEDEFIRFAQSMLNEVERKITKGKQRLALMSKSEPPSTisvaQTQKNDEQIKLLSEKINSLVNEAEAAGIEGNVEQAQGLMKLCDQLKEERETLKKQNDNSawSQTAELAAAQEKQMEVCEVCGAFLIVGDAQSRIDDHLMGKQHVGYARLR,Opisthokonta,L3-type
A0A023FLX2,210.50,150.55,200,NNRYKVHFTDPRVCKSFLLACCPHDILASTRMDLGDCPKIHDLALRADYENASKKKDYFYDVDAMEHLQNFISECDRRTEQAKRRLAETQEELSAEVTLKLNRVHELAENMGKKLAAAEAKGADGNVEESLKLLEEVEEIRRKKAEAEQDYRNSMPASSYQQQKLRVCDVCSAYLGIHDNDRRLADHFGGKLHLGFIAIR,Opisthokonta,L2-type
A0A023GJ29,210.50,150.55,200,NNRYKVHFTDPRVCKSFLLACCPHDILASTRMDLGDCPKIHDLALRADYENASKKKDYFYDVDAMEHLQNFISECDRRTEQAKRRLAETQEELSAEVTLKLNRVHELAENMGKKLAAAEAKGADGNVEESLKLLEEVEEIRRKKAEAEQDYRNSMPASSYQQQKLRVCDVCSAYLGIHDNDRRLADHFGGKLHLGFIAIR,Opisthokonta,L2-type
A0A023GN24,172.55,252.82,232,ASAKQLLDELMGRDRNLAPAEKKDTCNWEDPDVCKHFLAKFCPNDLFVNTKADLGPCNKVHDDRLKREYEESPRYRQEGYEEAFLQFCQSMLSDVEKRIRRARQRLSLSNQegglVIKTKEPAAPTDERVIVLNERIQGLLQQVEQLGCEGKVEEAQAIMKLCDQLKEERKSLDKDSDKahwLRQTAELAAAQEKQMEVCDICGAFLIVGDAQQRVDDHLMGKQHMGYAKLK,Opisthokonta,L3-type
A0A024GB74,211.89,120.82,201,MDLGECPKLHLSNLRTKYEKDTNKSSGYEYELERELLRFISDLDKKIYRAQKRLEEQEGSKAPSLMDvenCKEVLEITAEIQEAMLKAEEAGNEGQVDLSMELMEKVEDLKQKKADAQanAMLRSVQgvgirppdyrkggleiKTaglsellprnplaSTDVNQKLRVCDVCGAFLSIFDSDRRLANHFGGKLHLGYLQIR,Sar,L2-type
A0A024RUZ9,220.46,166.96,218,AEQRKLLEQLMGASSSSRAAQLSLNDPKVCRSYIVGTCPHDLFTNTKQDIGPCPKVHAEGLKAEYEAlsEREKHKYGFEYDYMRDLQKYIDECNRRIDAAQRRLEKTPDEIRQTNALLKTISDLTASINNGLLEVEILGSMGEVSRAMDELFRVRQAGQQKAEREKELKALSDTSGPSGHQKLQVCDVCGAYLSRLDNDRRLADHFYGKMHLGYAQMR,Opisthokonta,L2-type
A0A024V041,142.96,294.80,214,MEEMRSLLDSLMGKDRNETDSKKKYSFKDENVCKYYLIDFCPHDLFPNTKSDIGRCKNIHSDILKEQLEKHEDYKYYLakYQQMFMKTLERIIDVADMKIEKTKEKLKHMSNTPNNTSDKKTKIESINSHICDLLKQSEEAGEKGDLNKATSFNNQITMLQEEIKRLTEEMQKSNDGNLKVCEICGAMQAVGDMVQRFENHINGKQHLGFDKIR,Sar,L3-type
A0A024VIV2,62.49,95.63,60,MEEMRSLLDSLMGKDRNETDSKKKYSFKDENVCKYYLIDFCPHDLFPNTKSDIGRYNQIK,Sar,L3-type
A0A024VJP6,36.97,51.85,159,TLKNVFLEEQENNKRKYEELSDHLDKMKTYFDEKINSLKNNTHENFEELKYylDNLNKKNkdtISESNTFQENIDAIQNDISKLKKDKEENTNLIKSSIRTYFDKMKNVKYIYMFPYILFFFFFKVCEICGAMQAVGDMVQRFENHINGKQHLGFDKIR,Sar,Unclassified
A0A024VYL5,68.96,187.95,160,LCKNIHSDILKEQLEKHEDYKYYLakYQQMFMKTLERIIDVADMKIEKTKEKLKHMSNTPNNTSDKKTKIESINSHICDLLKQSEEAGEKGDLNKATSFNNQITMLQEEIKRLTEEMQKSNDGNLKVCEICGAMQAVGDMVQRFENHINGKQHLGFDKIR,Sar,L3-type
A0A024WH24,142.96,294.80,214,MEEMRSLLDSLMGKDRNETDSKKKYSFKDENVCKYYLIDFCPHDLFPNTKSDIGRCKNIHSDILKEQLEKHEDYKYYLakYQQMFMKTLERIIDVADMKIEKTKEKLKHMSNTPNNTSDKKTKIESINSHICDLLKQSEEAGEKGDLNKATSFNNQITMLQEEIKRLTEEMQKSNDGNLKVCEICGAMQAVGDMVQRFENHINGKQHLGFDKIR,Sar,L3-type
A0A024WZ64,142.96,294.80,214,MEEMRSLLDSLMGKDRNETDSKKKYSFKDENVCKYYLIDFCPHDLFPNTKSDIGRCKNIHSDILKEQLEKHEDYKYYLakYQQMFMKTLERIIDVADMKIEKTKEKLKHMSNTPNNTSDKKTKIESINSHICDLLKQSEEAGEKGDLNKATSFNNQITMLQEEIKRLTEEMQKSNDGNLKVCEICGAMQAVGDMVQRFENHINGKQHLGFDKIR,Sar,L3-type
A0A026WHM4,165.40,254.95,231,AAAAALLDELMGRNRNVLPNEKPKELNWEDPEFCKLYLVKFCPHDLFVNTRADLGACPKVHDDEARELFEKAPYSYRKQqYEDEFIRYCQGMLNEVERKIVKGKQRLALIGRTeAPTLTPAQTQrnEEQIALLTEKINKLVEEAEQSGIQGNVEQAQGLMRLCDQLKEERETLRKSNDNShyNQTAELAAAQEKQMEVCDVCGAFLIVGDAQQRIDDHLMGKQHVGYARLK,Opisthokonta,L3-type
A0A026X256,239.67,181.35,218,DQMRAMLDQLMGTGRNGENNKFQVKYSDSKVCKSFLLACCPHEILSSTRMDLGECPQIHDLALRADYEAAQKKRDHFYDIDAMEHLQNFIADCDRRTEQAKQRLAETQEELSAEVAAKANNVHVLAEEIGKKLAKAEQLGEEGFVEESMKLMGEIDELRKKKNEAEQEYRNSMPASSYQQQKLRVCEVCSAYLGIHDNDRRLADHFGGKLHLGFIKIR,Opisthokonta,L2-type
A0A034VIQ6,154.74,256.25,272,DAARQMLDELMGRNRNLHPSEAPRKVSWDDPDFCQYYIVKFCPHDLFINTRADLGPCTQIHDDEAKRLYEEARPSpRKRSYEDEFLRFCNNMLNDVDRKIQKGKQRLQLMHRDQPAPSiPLSKYQEQLNNMNARIKKLLSEAEEAGIRGDVDQAKDLMALCEQLKDEKEalvaqhEQQQQIHHQTngllkeslttpppesnTDKSDgekspksedggsdKKvlpwmqdlgtlpEKQMEVCEICGAFLIVGDAQQRIEDHLMGKQHLGYSRLR,Opisthokonta,L3-type
A0A034WTC6,229.76,179.56,217,DQMRAMLDQLMGTTRNGDDGRGLKFSDARVCKSFLLDCCPHDILASTRMDLGECPKVHDLAFRADYESAAKSHDFYYDIEAMEHLQAFIADCDRRTESAKQRLKETQEELTAEVAEKANAVHALAEEIGKKLAKAEALGEAGEVEESMSLMKEIDELRTKKIKAEHEYRTSMPASTYQQQKLRVCEVCSAYLGIHDNDIRLADHFGGKLHLGFLTIR,Opisthokonta,L2-type
A0A058ZAG4,131.63,121.07,228,VTESSSRMHFTDDNICKMYLVGMCPHELFHNTHLDEGRCPHIHSDAMRRLYEKEVEELSARmkaesgdaplparavdpfgYLYSLLQNLGRIVQRADREINRMKADLDNKKRAWEDSAILDiRLEYNKVTEKLTELEAEAERLGGEGLVDESLQILNEASVLKESQSRLQAELREAESATAAslgVASNTLKMFVCDSCPAMLSRDDSDKCLEDHHSGRLHAGLVAVR,Opisthokonta,Unclassified
A0A059D1I0,303.11,184.48,304,MDAIRKQLDVLMGANRNGDVREVNRKYYDRDVCRMYLVGLCPHELFQLTKMDMGPCPKVHSLQLRKEYEEAKGKGVDNYDRDLEDVIDRLIVECDRKIARALKRLEEddakaaiaisvsevtqtpeilelskqikeklkeadqhdlegktdlkiraleiveelrtkradkqsmllldafnkdrasLPQPLPNPPPLAPLpvVAPDPRTQEMINEKLKKAEDLGEQGMVDEAQKALEEAEALKKLHARQEPAQDSTKYTAADVRITDQKLRVCDICGAFLSVYDSDRRLADHFGGKLHLGYMQIR,NA,L2-type
A0A059D296,300.29,182.87,301,MDAIRKQLDVLMGANRNGDVREVNRKYYDRDVCRMYLVGLCPHELFQLTKMDMGPCPKVHSLQLRKEYEEAKGKGVDNYDRDLEDVIDRLIVECDRKIARALKRLEEddakaaiaisvsevtqtpeilelskqikeklkeadqhgktdlkiraleiveelrtkradkqsmllldafnkdrasLPQPLPNPPPLAPLpvVAPDPRTQEMINEKLKKAEDLGEQGMVDEAQKALEEAEALKKLHARQEPAQDSTKYTAADVRITDQKLRVCDICGAFLSVYDSDRRLADHFGGKLHLGYMQIR,NA,L2-type
A0A059D303,303.11,184.48,304,MDAIRKQLDVLMGANRNGDVREVNRKYYDRDVCRMYLVGLCPHELFQLTKMDMGPCPKVHSLQLRKEYEEAKGKGVDNYDRDLEDVIDRLIVECDRKIARALKRLEEddakaaiaisvsevtqtpeilelskqikeklkeadqhdlegktdlkiraleiveelrtkradkqsmllldafnkdrasLPQPLPNPPPLAPLpvVAPDPRTQEMINEKLKKAEDLGEQGMVDEAQKALEEAEALKKLHARQEPAQDSTKYTAADVRITDQKLRVCDICGAFLSVYDSDRRLADHFGGKLHLGYMQIR,NA,L2-type
A0A059F5E4,49.42,55.08,155,MKKARILLDELLGPNRNSSTKKLYDRNKHSSVCTHMLVSFCPFNLLKSIKYNYKSCNFInHERSYIKLYEESNKPDRKEFELTLLKELKAFYKNFKNKMKNSTNKLGFcyelrmqenLKEVRKLVDNLQENSIEIMEIYEDIKFLENEVYLLNKS,Opisthokonta,Unclassified
A0A059J114,212.81,168.40,224,AEQRKLLEQLMGADQLIggPSSGRNAQVAITDPKVCRSYLAGTCPHDLFTNTKQDLGPCPKLHSEGLKAEYDAASSHEKAKwgFEYDYLRDMQKYIDECNRRIDSAQRRLEKTPDEIRQTNHLLSQISDLNKTINAGLEETSVLGELGAVATAIDEFYKVRTAKHQKESLERDLKALADTSGPSGHQKLQVCDVCGAYLSRLDNDRRLADHFFGKMHLGYAKMR,Opisthokonta,L2-type
A0A059LEM1,114.43,234.89,213,MRAMLDELMGPGRDLPAEERAkiqTSRDWRDPQVCRYFLAGFCPYEEFRRTKQDLGDCPAVHDSSARSAWEALLEETRQGagHEAELLRWLDRLLQDLERRKEASMARLNTAPEGPQYLAEDQTRLEVLAAQIAAALASAGDAGEEGDVDVAQALTEEAEALRAQKTQLESAAAARAGNSALKGLRQEVCPISGLIINNDEARMRDHHTGRNY,Viridiplantae,L3-type
A0A060S5B4,142.96,294.80,214,MEEMRSLLDSLMGKDRNETDSKKKYSFKDENVCKYYLIDFCPHDLFPNTKSDIGRCKNIHSDILKEQLEKHEDYKYYLakYQQMFMKTLERIIDVADMKIEKTKEKLKHMSNTPNNTSDKKTKIESINSHICDLLKQSEEAGEKGDLNKATSFNNQITMLQEEIKRLTEEMQKSNDGNLKVCEICGAMQAVGDMVQRFENHINGKQHLGFDKIR,Sar,L3-type
A0A060S7T9,292.30,163.90,221,MQRKLLEQMMGPEAMGVSNANLHWSDEKVCRNFLCGTCPHTLFTNTKMDLGACPKSHTERLKTEFLAAREANPNDpifarFQAEYEANIFAFVDECDRRIRAAHRRLEKTPEENAKTTNLMREIAEIELAIQGGTEKIETLGEQGKVEESMREMAAIEALKSEKADKERELQQLTDTSGASGHQKLRVCDVCGAYLSVLDSDRRLADHFGGKMHLGYHELR,Opisthokonta,L2-type
A0A060T647,161.04,140.22,219,AEQRKLLEQLMGADaLDPYAAPRRQELDLYDPKICKSFLVDICVHDLFANTKSDLGPCPKLHLQQYKMEYQAQKARGKEFaeIEMEHERNLERHVKEVDRQIEAGINKLKKTPEDIERLESITNDLERVNTELSLSLEEIELLGQHGEISKALYENDRLRSLWEEKSLKEKEIRNLSEVSGYSGHQKLQVCVGCGGFLSRLDSDRRLADHFVGKMHRSN,Opisthokonta,L2-type
A0A060W298,220.24,172.97,219,QAQMRALLDQLMGTARDGDETRQRVKFTDERVCKSHLLNCCPHDILSGTRMDLGECAKTHDLALRADYEIASKARELFFELDAVDHLESFIADCDRRTELAKKRLVETQDEISAEVAAKAETVHELNEEIGKLLAKAEQLGAEGNVDEAQLILQEVEKVRSRKRDAEEEYRNSMPASSFQQQKLRVCEVCSAYLGLHDNDRRLADHFGGKLHLGFIQIR,Opisthokonta,L2-type
A0A060WUK6,159.72,119.18,171,FRMDLGECAKTHDLALRADYEIASKERDLFFELDAVDHLESFIADCDRRTELAKKRLVETQDEISAEVAEKAETVHELNEEIGKLLAKAEQLGAEGNVDEAQKVLQEVEKVRSRKRDAEEEYRNSMPASSFQQQKLRVCEVCSAYLGLHDNDRRLADHFGGKLHLGFIQIR,Opisthokonta,L2-type
A0A060Y8Q4,179.00,248.67,225,LSAAQLLDELMGRDRNLAPDEKRCNVRWDHETTCKYYLCGFCPAELFTNTRSDLGPCEKIHDENLRKMYEKSSRFMKEGYERDFLRYLQSLLAEVERRIRRGHARLALSQAQQAAgqgpGGPVGKNEEKATVLTEKIEDLVMQIEELGSEGRVEEAQGMMKLVEQLKDERELLSSTPSTIETFAAQEKQMEVCEVCGAFLIVGDAQSRVDDHLMGKQHMGYAKIK,Opisthokonta,L3-type
A0A060YAP7,212.75,171.81,219,QAQMRAMLDQLMGTSRDGDTMRQRIKFTDERVCKSHLLDSCPHDILSGTRMDLGECVKVHDLALRADFEIASKQQEYFFELDAAEHLQSFIADCDRRTELAKTRLAETQDEISAEVAAKAERVHELNEEIGKLLARAEQLGGEGNVEEAQEVLEKVEKTRAMKKEAEDVYRNSMPASSFQQQKLRVCEVCSAYLGLHDNDRRLADHFGGKLHLGFIEIR,Opisthokonta,L2-type
A0A060YPM4,213.74,171.86,219,QAQMRAMLDQLMGTSRDGDTMRQRIKFTDERVCKSHLLDSCPHDILSGTRMDLGECVKVHDLALRADFEIASKQQEYFFELDAAEHLQSFIADCDRRTELAKKRLAETQDEISAEVAAKAERVHELNEEIGKLLARAEQLGGEGNVEEAQEVLEKVEKTRAMKKEAEDVYRNSMPASSFQQQKLRVCEVCSAYLGLHDNDRRLADHFGGKLHLGFIEIR,Opisthokonta,L2-type
A0A061B4P7,185.24,158.40,221,EQRQLLEQLMGRDMLIKPQSQRREISMMDQRVCKPFLMGICPYDLFSGTKQDMGRCRDIHLEKHKLQYNEQVKQGKEFpeFEHEVVSVLNRFVADCNRKIDVALKRLEPSPEEQEKITTaAKDLELMEARINIMTQEIEKLIELGEVTKAIEQGVKLEEMNVKREFYMKKLRSVTDNVGQSQQQKLQVCEVCGAYLSRLDTDRRLSDHYLGKVHLGYVQMR,Opisthokonta,L2-type
A0A061B616,248.13,147.53,228,EQQRKLLEQLMGPEALGIVQHDISLYDPKLCHPFVAGICPHDLFTNTKMDLGPCPKTHSVKLKNEYEDLLKKAETEkdehqlrifntFKTNYEREIMNFVGECDRRIAAAHRRLEKTPEENNRTTALMREVGEIEGAYQAAMAEVEMLGSQGKVEESMTQLAKAEALKAEKQEKERELQQLTDTAGASGHQKLRVCDICGAYLSILDSDRRLADHFGGKMHLGYHQLR,Opisthokonta,L2-type
A0A061D5B0,269.37,139.13,231,MDEMRAQWEALMGNLENPADPKETKSFEDKDVCKMYLVGLCPHDLFENTVGAclpiLTPCRSITSVRARCStvtscerskhilYLEQRKTRYYNYEAETLRFIIPLIEDCDRRVQRGRVRAEDDVACKQTTLDDatIAEAKRIDAEIEKKMKIANELGEKGEVEESFKLLEEAELLKKNKLEMLEKAGETSYQSRIKPCDICGALLSATDTDRRLTEHYSGKIHVSYQKLR,Sar,L2-type
A0A061EY84,303.45,181.13,304,MDAMRKQLDVLMGANRNGDVREVNRKYYDRDVCRLFLSGLCPHELFQLTKMDMGPCPKVHSLQLRKEYEEAKAKGVDNYDRELEDAIDRLIVECDRKIGRALKRLEDedakaaiaisvsdvtqtpevlelskqikeklkeadqhdlegktdlkiraleeveefrtkradkqsmllldafnkdrasLPQPLPNPPALAplpvPAPDPRTQEMINEKLKKAEDLGEKGMVDEAQKALEEAEALKKLPARQEPVLDSSKYTAADVRITDQKLRVCDICGAFLSVYDSDRRLADHFGGKLHLGYMQIR,Viridiplantae,L2-type
A0A061G0G1,86.57,189.36,157,SFEKSPRHDAYVpkFEAELAQFCEKLVMDLDRRVRRGRERLAQEVEPAPPAPVSAekSEQLSVLEEKIKNLLEQVENLGESGKVDEAEALMRKVEVLNAEKTALTQQPQNDKVLMLAQEKKMALCEVCGSFLVANDAAERTQSHVTGKQHIGYGMVR,Viridiplantae,L3-type
A0A061G0Z3,162.35,319.05,227,MDAQRALLDELMGTARNLTEEEKKgyREIRWDDKEVCGFYMVRFCPHDLFVNTRSDLGPCPRVHDQKLKESFEKSPRHDAYVpkFEAELAQFCEKLVMDLDRRVRRGRERLAQEVEPAPPAPVSAekSEQLSVLEEKIKNLLEQVENLGESGKVDEAEALMRKVEVLNAEKTALTQQPQNDKVLMLAQEKKMALCEVCGSFLVANDAAERTQSHVTGKQHIGYGMVR,Viridiplantae,L3-type
A0A061HXW7,164.70,223.85,192,KVCKYYLCGFCPAELFTNTRSDLGPCEKIHDENLRKQYEKSSRFMKVGYERDFLRYLQSLLAEVERRIRRGHARLAlsQNQQSSGAAGPTGKNEEKIQVLTDKIDVLLQQIEELGSEGKVEEAQGMMKLVEQLKEERELLRSTTSTIESFAAQEKQMEVCEVCGAFLIVGDAQSRVDDHLMGKQHMGYAKIK,Opisthokonta,L3-type
A0A061I0C4,164.70,223.85,192,KVCKYYLCGFCPAELFTNTRSDLGPCEKIHDENLRKQYEKSSRFMKVGYERDFLRYLQSLLAEVERRIRRGHARLAlsQNQQSSGAAGPTGKNEEKIQVLTDKIDVLLQQIEELGSEGKVEEAQGMMKLVEQLKEERELLRSTTSTIESFAAQEKQMEVCEVCGAFLIVGDAQSRVDDHLMGKQHMGYAKIK,Opisthokonta,L3-type
A0A061I104,164.70,223.85,192,KVCKYYLCGFCPAELFTNTRSDLGPCEKIHDENLRKQYEKSSRFMKVGYERDFLRYLQSLLAEVERRIRRGHARLAlsQNQQSSGAAGPTGKNEEKIQVLTDKIDVLLQQIEELGSEGKVEEAQGMMKLVEQLKEERELLRSTTSTIESFAAQEKQMEVCEVCGAFLIVGDAQSRVDDHLMGKQHMGYAKIK,Opisthokonta,L3-type
A0A061I378,164.70,223.85,192,KVCKYYLCGFCPAELFTNTRSDLGPCEKIHDENLRKQYEKSSRFMKVGYERDFLRYLQSLLAEVERRIRRGHARLAlsQNQQSSGAAGPTGKNEEKIQVLTDKIDVLLQQIEELGSEGKVEEAQGMMKLVEQLKEERELLRSTTSTIESFAAQEKQMEVCEVCGAFLIVGDAQSRVDDHLMGKQHMGYAKIK,Opisthokonta,L3-type
A0A061ID88,82.14,81.93,129,SHLLNCFPHDVLSGTRMDLGECLKVHDLAIRTDYEIASKEQDFFFELDAMDHLQSFIVDCDRRTEVSKKRLAETQEEISAEVAAKAECVHELNEEIGKLLAKVEQLGAEGNVEESQKVMDEVEKREAEK,Opisthokonta,Unclassified
A0A061R874,141.92,274.97,218,MDMTRALLDELMGKERDVPLDVRTnKARRFDDEDICKYDLCGLCPYSLFKNTRSDLGICKwEVHgDEQVKEQWSKLEEKEKARypYEHELMTELEQLVREMDRKIARAKDRAEKESAPRPLSEADKKALDDLDAKMKEALEKAEKLGEEGDVDGAQVFSQQAESLAKQKETQYRQLTQPERTMSVCEVCGVFINSTDNEARRRDHLAGKQYLGWKAIR,Viridiplantae,L3-type
A0A061RUV9,141.92,274.97,218,MDMTRALLDELMGKERDVPLDVRTnKARRFDDEDICKYDLCGLCPYSLFKNTRSDLGICKwEVHgDEQVKEQWSKLEEKEKARypYEHELMTELEQLVREMDRKIARAKDRAEKESAPRPLSEADKKALDDLDAKMKEALEKAEKLGEEGDVDGAQVFSQQAESLAKQKETQYRQLTQPERTMSVCEVCGVFINSTDNEARRRDHLAGKQYLGWKAIR,Viridiplantae,L3-type
A0A063BQW3,215.68,157.29,218,AEQRKLLEQLMGHQSTSRAAQLSLTDPKVCRSYLVGTCPHDLFTNTKQDLGQCPKVHSEPLKSEYDGLSdrEKQRYGFDYDYMRDLQKYIEDCNRRIDAAQKRLEKTPDEIRQTNVLLKAISNLSASIADGLLEVEVLASMAEVSHAIDENFRVKQTMQNKADKEKELKALSDTSGPSGHQKLQVCDVCGAYLSRLDNDRRLADHFYGKMHLGYASMR,Opisthokonta,L2-type
A0A066WLG7,257.65,171.13,217,QRIMLEKLMGPEAMGTATENLHFTDVKVCKNFLCGVCPHDLFSNTKVDLGPCPKSHNPRLKDEYNAALAKKERYptFELEHEQNVISFMADIDRKIAANKRRLDQTPEETAKFSNLMREIGEVESAVQAAMAEVERLGEEGEVEASLQELAKAEALKEEKAQKERELQQLNESAGASGHQKLRVCDVCGAYLSILDSDRRLADHFGGKMHLGYLKLR,Opisthokonta,L2-type
A0A066X7N1,223.54,162.99,218,AEQRKLLEQLMGGSASTRAASLSMTDPKVCRSFLVGTCPHDLFTNTKQDLGPCPKQHSEALRAEYEglSDKEKQKYGFEYDYMRDLQKYIDDCNRRIDSAQRRLEKTPDEIRQTNALLKSISELSSTIHNGTLEVEILGEMGEVSRAIDEFYRVRQAQQTKLDREKELKALSDTSGPSGHQKLQVCDVCGAYLSRLDNDRRLADHFYGKMHLGYAQMR,Opisthokonta,L2-type
A0A067BJQ2,287.41,204.40,252,MDAQRALLDELMGRNRDGDKPQEDIRDFRDQRVCKRFLCGLCPHDLFQNTKMDMGECPKLHLPKLKLAYEEdrAKNQRDYGYEADLERELVRYVSDVEKKISRALKRLDEQDGARVSSMLDIENNKEVLEITAEIAELMQKAEDAGNEGEVDLSMELMAKVEALKVKKAALQgvpsAVLASTAgadalmPevDVAQatlmavlpgnplaMTNVNQKLRVCDMCGAFLSIFDSDRRLADHFGGKMHLGYMQIR,Sar,L2-type
A0A067E356,301.85,183.29,304,MDAMRKQLDVLMGANRNGDVREVNRKYYDRDVCRLYLAGLCPHELFQLTKMDMGPCPKVHSLQLRKEYEEAKAKGVDNYDRELEDAIDRLIVECDRKIGRALKRLEDddakaaiaisvsevtqtpevlelskqikeklketdqydyegktdlkiralevveelrtkradkqsmllldafnkdrasLPQPLPNPPPLAPLpiPAPDARTQEMINEKLKKAEDLGEQGMVDEAQKALEEAEALKKLPARQEPTLDSSKYTAADVRITDQKLRVCDICGAFLSVYDSDRRLADHFGGKLHLGYMQIR,Viridiplantae,L2-type
A0A067FH75,87.44,188.90,157,SFEKSPRHDAYVpkFEAELAQFCEKLVMDLDRRVRRGRERLSQEVEPAPPPPISAekSEQLSVLEEKIKNLLEQVETLGEAGKVDEAEALMRKVEILNVEKTTLTQQSQNDKVLMMAQEKKMALCEICGSFLVANDAAERTQSHISGKQHIGYGMVR,Viridiplantae,L3-type
A0A067FQM6,165.80,320.00,227,MDAQRALLDELMGAARNLTEEEKKeyKEIKWDDKEVCPFYMVRFCPHDLFVNTRSDLGPCPRIHDQKLKESFEKSPRHDAYVpkFEAELAQFCEKLVMDLDRRVRRGRERLSQEVEPAPPPPISAekSEQLSVLEEKIKNLLEQVETLGEAGKVDEAEALMRKVEILNVEKTTLTQQSQNDKVLMMAQEKKMALCEICGSFLVANDAAERTQSHISGKQHIGYGMVR,Viridiplantae,L3-type
A0A067FQN1,165.80,320.00,227,MDAQRALLDELMGAARNLTEEEKKeyKEIKWDDKEVCPFYMVRFCPHDLFVNTRSDLGPCPRIHDQKLKESFEKSPRHDAYVpkFEAELAQFCEKLVMDLDRRVRRGRERLSQEVEPAPPPPISAekSEQLSVLEEKIKNLLEQVETLGEAGKVDEAEALMRKVEILNVEKTTLTQQSQNDKVLMMAQEKKMALCEICGSFLVANDAAERTQSHISGKQHIGYGMVR,Viridiplantae,L3-type
A0A067FQN6,165.80,320.00,227,MDAQRALLDELMGAARNLTEEEKKeyKEIKWDDKEVCPFYMVRFCPHDLFVNTRSDLGPCPRIHDQKLKESFEKSPRHDAYVpkFEAELAQFCEKLVMDLDRRVRRGRERLSQEVEPAPPPPISAekSEQLSVLEEKIKNLLEQVETLGEAGKVDEAEALMRKVEILNVEKTTLTQQSQNDKVLMMAQEKKMALCEICGSFLVANDAAERTQSHISGKQHIGYGMVR,Viridiplantae,L3-type
A0A067JEU6,149.39,323.88,225,MDLQRAMLDELMGADRNLTDDQKKeyKEITWDSKEVCPYYMARFCPHDLFVNTKSDLGPCDRIHDAKLKESFEKSPRHDRYLskFEAELAQRCEKLVMDLDRRVRRGRERLAQGEEPVPPPPLSTEKSEQLSVVEEKIKNLLVQVESLGEAGKVDEAQALMKKVDELNAEKTLIQSQNDKVLMVPQEKKMALCEICGSFLVANDAAERTQSHVTGKQHIGYGMVR,Viridiplantae,L3-type
A0A067JVQ4,311.45,194.20,304,MDAMRKQLDVLMGANRNGDVREVNRKYYDRDVCRMYLVGLCPHELFQLTKMDMGPCPKVHSLQLRKEYEEARAKGTDNYDRELEDVIDRLIVECDKKISRALKRLEAedakaaiaisvsevtqtpeivelskqikeklkqadkfdlegktdfkiqaleeveklrteraekqsallleafnkdrasLPQPLPNPPPLAPLpvPAPDPRTQEMINEKLKKAEDLGEQGMVDEAQKALEEAEALKKLPARQDPALDSSKYTAADVRITDQKLRVCDICGAFLSVYDSDRRLADHFGGKLHLGYMQIR,Viridiplantae,L2-type
A0A067MQG0,279.03,168.29,221,MQRKLLEQMMGPEAMGTSNANLVWSDEKVCKNFLCGTCPHALFTNTKMDLGPCPKAHTERLKSDFVAARDADPNNpqfarIQAEYESNLFQFVDECDRRIRAAHRRLEKTPEENAKTTNLMREIGEIELAIQGGTEKIETLGEQGKVEESMQELAAVEALKAEKSEKERELQQLTDTSGASGHQKLRVCDVCGAYLSVLDSDRRLADHFGGKMHLGYHELR,Opisthokonta,L2-type
A0A067NZZ9,287.83,162.27,221,MQRKLLEQMMGPEAMGVANANLVWSDDKVCRNFLCGTCPHTLFTNTKMDLGACPKSHTERLKTEFLAAREANPSDplfnrFQMEYEANIFAFVDECDRRIRAAHRRLEKTPEENAKTTNLMREIAEIELAIQGGTEKIETLGEQGKVDESMHEMAAIEALKSEKAEKERELQQLTDTSGASGHQKLRVCDVCGAYLSVLDSDRRLADHFGGKMHLGYHELR,Opisthokonta,L2-type
A0A067Q1R8,286.01,167.18,221,MQRKLLEQMMGPEAMGVANANLHWSDDKVCRNFLCGTCPHTLFTNTKMDLGACPKSHTERLKTEFVAAKEANPSDpifakFQMEYENNIYTFVDECDRRIRAAHRRLEKTPEENAKTTNLMREIAEIELAIQGGTEKIETLGEQGKVDESMREMAAIEALKSEKSDKERELQQLTDTSGASGHQKLRVCDVCGAYLSVLDSDRRLADHFGGKMHLGYHELR,Opisthokonta,L2-type
A0A067QTC6,239.49,184.28,218,DQIRAMLDQLMGTGRNGENNRFQVKFSDPKVCKSFLLSCCPHEILSSTRMDLGDCPKIHDLALRADFEKASHTKDYYYDIDAMEHLQAFIADCDRRTELAKQRLAETQEELSAEVAQKANKVHELAEQIGKKLARAEQLGAEGFVEESMKLMEEIEDLRKKKSAAEGEYRNSMPASSYQQQKLRVCEVCSAYLGIHDNDRRLADHFGGKLHLGFIKIR,Opisthokonta,L2-type
A0A067QTM9,164.73,248.82,229,AAAALLDELMGRNRNIAPNDKAKELNWEDPEYCKLYMVKFCPHDLFVNTRADLGQCAKVHDDEVKALYEKSNSYKKQQYEDEFIRFCQSMLNEVERKIVKGKQRLALIGKADAISLsPAQTQrnEEQIKFLTEKINSLVDEAEQMGIQGNVEQAQGLMKLCDQLKEEREQLRGNNENshWQQTAELAAAQEKQMEVCDVCGAFLIVGDAQQRIDDHLMGKQHVGYARLK,Opisthokonta,L3-type
A0A067T3D2,284.68,161.90,221,MQRKLLEQMMGPEAMGVANANLVWQDEKVCRNFLCGTCPHALFTNTKMDLGACPKSHTERLKTEYIAAKEAnpnDQIFnrFQMEYESNIFAFVDECDRRIRAAHRRLEKTPEENAKTTNLMREIAEIELAIQGGTEKIESLGEQGKVEESMREMAAIEALKSEKADKERELQQLTDTSGASGHQKLRVCDVCGAYLSVLDSDRRLADHFGGKMHLGYHELR,Opisthokonta,L2-type
A0A068RJQ6,163.27,283.04,212,MDFQKAMLEELMSQYVDVDNKDFWDDSVCKHYLVAYCPSQLFTNTKSDLGPCDKIHNDRLKERYQNAPDKHKYPYEAEFYDYLNKLVNDLGRRIRNGKGRLNIQGEDKLAENRKEEREEKMVLLDVKIKEMLQKIEEAGEEGRVQEAADLTTEVEKLQAELSQLKENADSGKSEKRMEVCQVCGAFLVTNDSSDRLEAHYQGKQHQGYLKIR,Opisthokonta,L3-type
A0A068S4V4,57.20,62.00,189,DKKRSYTDPSVCVDYLCGLCPLDFVQGYSCNKVHDLDLQTEYQLDIQQDRSKaRDKEHLESLEQFIKNRDNLSKGWRMRAREMFVKDDKAKDARRQMLSLHREIVRLLDERDTFIGKGDMAAAEGHLEKVHERIKLKKQAEAEVSKTIAVAANDDSALDVCNTCGYFYLVSHPEPHLKSDQHIAYDQIR,Opisthokonta,Unclassified
A0A068U9C7,303.55,186.10,304,MDAIRKQLDVLMGANRNGDVREVDRKYYDRDVCRLFLSGLCPHELFQLTKMDMGPCPKVHSLQLRKEYEESKAKGTDNYDRDLEDVIDRLIVECDRKIARALKRLDDedakaaiaisvsevtqtpeilelskqikeklkeadqydlegktdmkiralevveelrtkradkqsmllldafnkdraslpqplTNPPQLAPLPAATPDPRIQEMINEKLKKAEDLGEQGMVDEAQKALEEAEALKKLPARQENVADSAKYTAADVRITDQKLRVCDICGAFLSVYDSDRRLADHFGGKLHLGYMQIR,Viridiplantae,L2-type
A0A068UA34,162.42,316.32,227,MDAQRALLDELMGAARNLTEEERKgyKEITWDSKEVCSFYMVRFCPHDLFVNTRSDLGPCPKIHDQKLKESFEKSPRHDAYVpkFEAELAHFCEKLVMDLDRRVRRGRERLAQEIDVPPPPPIPAEKSEQLAVLEEKIKNLLEQVESLGEAGKVDEAEALMRKVEVLNAEKTALTQQPQQDKVLMMAQEKKMALCEICGSFLVANDAAERTQSHVTGKQHMGYGMVR,Viridiplantae,L3-type
A0A068WE96,212.27,171.67,216,DQVRSLLDELMGAARDGGEKHIEFDDPRVCKSFLLDCCPHEILAGTRMDLGECPYSHEVGLKSDYRREAAKRPYYYEIDALRHLEAFIAESNRRTEHAKAKLKETQEELTEEAAVQVEKINKLSEEIGTTLAKAEQKGHEGHVEESLELMKRVEELNAEKAKHEADLRNAIPVSTYQQQKLRVCDVCSAYLGVHDNDRRLADHFGGKLHLGFITIR,Opisthokonta,L2-type
A0A068WN20,181.76,235.32,219,ASQAALLDELLGKNRDAIDSDAMKGPHWSDEDMCRYFLCGFCPHDLFVNTKTDLGPCDKMHDERLRENYRKSNRFEKMGYEEEFYRYLCYLLEDVDKRIRRGHERLSVNKGAAPADPEAAAEkADKIASLTRRINDLVEQAEQLGTEGNVDQAQGVLKLCEQLKFERSQLEGDTRPGAGQSKELEVCEICGAFRIKDDAPQRVEEHLAGKMHLGYAKIR,Opisthokonta,L3-type
A0A068Y1K2,212.27,171.67,216,DQVRSLLDELMGAARDGGEKHIEFDDPRVCKSFLLDCCPHEILAGTRMDLGECPYSHEVGLKSDYRREAAKRPYYYEIDALRHLEAFIAESNRRTEHAKAKLKETQEELTEEAAVQVEKINKLSEEIGTTLAKAEQKGHEGHVEESLELMKRVEELNAEKAKHEADLRNAIPVSTYQQQKLRVCDVCSAYLGVHDNDRRLADHFGGKLHLGFITIR,Opisthokonta,L2-type
A0A069DSS6,171.09,262.44,230,AAAALLDELMGRYRNLAPSDKTKELNWEDPEFCKYYMVKFCPHDLFVNTRADLGTCPKVHDDEVKALFEKSNSYKKQTYEDEFIRFAQSMLNEVERKITKGKQRLALMSKSEPPSTisvaQTQKNDEQIKLLSEKINSLVNEAEAAGIEGNVEQAQGLMKLCDQLKEERETLKKQNDNSawSQTAELAAAQEKQMEVCEVCGAFLIVGDAQSRIDDHLMGKQHVGYARLR,Opisthokonta,L3-type
A0A072NYJ6,212.24,153.44,222,AEQRKLLEQLMGDQYMGGPSSRNANLTLNSPTVCRSYLVGTCPHDLFTNTKQDLGACPKAHPELLKIEYENLTpaEKAKHGFDYDYMRDLQKYIDDCNRRIDQAQRRLEKTPDEIRQTNNLLKTISDLTKTVNTGLLEVNCLAETGSVSLACAEFYKVRTAKMAKEQAERDLKSLSDTSGPSGHQKLQVCDVCGAYLSRLDNDRRLADHFYGKMHLGYAQMR,Opisthokonta,L2-type
A0A072TKA2,164.96,317.69,225,MDAQRALLDELMGSARNMTEEERRgyKEVSWDDKEVCGFYMVRFCPHDLFVNTRSDLGACPKVHDPKLKENFENSPRHDAYVpkFEADLAQFCEKLVMDLDRRVKRGRERLNQEVELPPPPPLTAEKSEQLSVLEEKIKNLLEQVESLGEAGKVDEAEALMRKVETLNTEKAVLTQPQNEKVLMLQEKKMALCEVCGSFLVANDAAERTQSHVAGKQHVGYGMVR,Viridiplantae,L3-type
A0A074RVD0,284.18,167.60,221,MQRKLLEQMMGPEAMGAVNANLQWFDEKVCRNFLCGTCPHALFTNTKMDLGPCPKSHTERLKTDFNEAREKNPSDprfdqFQREYEANISSFVEECDRRIRAAHRRLEKTPEENAKTTNLMREIGEIELAIQGGTEKIESLGEEGKVEESMRELEAVEALKAEKTEKERELQQLTDTSGASGHQKLRVCDVCGAYLSVLDSDRRLADHFGGKMHLGYFELR,Opisthokonta,L2-type
A0A074VNJ6,212.90,165.92,223,AEQRKLLEQLMGEQLLAGPGASRaPQLSITDPKVCRSYLVGTCPHDLFTNTKQDLGLCPKTHSEALKSEYENADDHQKRKwgFEFDYMRDMQKYIDDCNRRIDSAQRRLEKTPDEIRQTNALLKQIGELSRNIEDGLVEVQILGELGSVNTAVTEYFRIRQQKQLKEDRERELKALSDTSGPSGHQKLQVCDVCGAYLSRLDNDRRLADHFFGKMHLGYAQMR,Opisthokonta,L2-type
A0A074WMT0,212.24,164.30,223,AEQRKLLEQLMGEQLLAGPGASRaPQLSITDTKVCRSYLVGTCPHDLFTNTKQDLGLCPKTHSEALKSEYENADDQQKRKwgFEFDYMRDMQKYIDDCNRRIDSAQRRLEKTPDEIRQTNALLKQIGELSRNIEDGLVEVQILGELGSVNTAVTEYFRIRQQKQLKEDRERELKALSDTSGPSGHQKLQVCDVCGAYLSRLDNDRRLADHFFGKMHLGYAQMR,Opisthokonta,L2-type
A0A074XNM9,213.35,163.94,223,AEQRKLLEQLMGEQLLAGPGASRaPQLSITDPKVCRSYLVGTCPHDLFTNTKQDLGLCPKTHSEALKSEYENADDQQKRKwgFEFDYMRDMQKYIDDCNRRIDSAQRRLEKTPDEIRQTNALLKQIGELSRNIEDGLIEIQILGELGSVNTAVTEYFRIRQQKQLKEDRERELKALSDTSGPSGHQKLQVCDVCGAYLSRLDNDRRLADHFFGKMHLGYAQMR,Opisthokonta,L2-type
A0A074YW51,212.46,162.59,223,AEQRKLLEQLMGEQLLAGPGASRaPQLSITDPKVCRSYLVGTCPHDLFTNTKQDLGLCPKTHSEALKSEYENADDQQKRKwgFDFDYMRDMQKYIDDCNRRIDSAQRRLEKTPDEIRQTNALLKQIGELSRNIEDGLVEVQILGELGGVNTAVTEYFRIRQQKQLKEDRERELKALSDTSGPSGHQKLQVCDVCGAYLSRLDNDRRLADHFFGKMHLGYAQMR,Opisthokonta,L2-type
A0A075ADI8,184.85,244.28,219,AAQKALLDELMGKNRNACNGENASGPHWSDEDVCKYFLCGFCPHDLFVNTKTDLGPCTRTHDDRMKDAYKRSKRCGKMGYEEEFVQYLKHLLDDVEKRIRRGHERLAVNKCLNnPDPVTATEKKEKIAALTKRINDLVKQAEELGTEGKVDQAQGVLKLCEQLKFERSQLEGDARPGMSQTKELEVCEICGAFRIKDDAPQRVEEHLSGKMHLGYAKIR,Opisthokonta,L3-type
A0A075AFH9,198.82,162.28,228,QIRALLDEFMGTSRNGGEAPISFEDPRVCKSFLLDSCPHEILSGTRMDLGACSLIHDPALKADYRRESERKSFGYELDVssqifihlawyqaLEHLQLFIRESDHRTKLAKAKLRETQEELTDEAQQKAEQINALSEQIGTKLAKAEQLGADGHVDESLALMKEVEDLNKEKAKSEAELRTAIPTSTYQQQKLRVCEVCSAYLGVHDNDRRLADHFGGKLHLGFIEIR,Opisthokonta,L2-type
A0A075AT44,133.67,190.35,205,SRKMLDRLMGTDRNDLEAKGGLKFNDPEVCKTFIARFCPHEMFQHTKMGriVGDCPyKHHDDYLRDAYLgKEGDKYREKYEMELYEFLEDLVQELDKSMRKGRERLDFRSTDEVMQLVKELLVKIEDFGEQGMIDEAQNLTKEVDKIKLEIDRLRAIEDVNPYLKLEKRMQVCDVCGLLLVMNDDPKRMEAHIAGKQHVGFLKVR,Opisthokonta,L3-type
A0A077QUB7,250.19,168.62,218,VQRMLLEKLMGPEAMGTPTANLHFTDPKVCRNFLCGTCPHDLFANTKVDLGPCPKSHAPKYKDEYRKALVSGERFsaFEREHEHNILSFVADIDRKIAANKRRLEQTPEELAKFANMNREISEIETALAAVMAEVEALGEQGQIEESLAELAKADALKEEKAQKEKELHNAQENSGASGHQKLRVCDVCGAYLSILDSDRRLADHFGGKMHLGYLRLR,Opisthokonta,L2-type
A0A077RVK9,20.88,41.34,38,VKMELCEQCVCFLVTNDVLERTHSHLTGKQHIGYGPVR,Viridiplantae,L3-type
A0A077WXD0,163.27,283.04,212,MDFQKAMLEELMSQYVDVDNKDFWDDSVCKHYLVAYCPSQLFTNTKSDLGPCDKIHNDRLKERYQNAPDKHKYPYEAEFYDYLNKLVNDLGRRIRNGKGRLNIQGEDKLAENRKEEREEKMVLLDVKIKEMLQKIEEAGEEGRVQEAADLTTEVEKLQAELSQLKENADSGKSEKRMEVCQVCGAFLVTNDSSDRLEAHYQGKQHQGYLKIR,Opisthokonta,L3-type
A0A077X4I1,63.08,69.85,195,QQSRTNdKQRSYTDPIVCVDYLCGLCPQEFVRGYSCNKVHDLDLQTEYELEIQRDRSKaRDKEHLESLEQFIRNRDNLSKGWRMRTREMFVKDDKAKDARKQILSLHREIVRLLDERDSLIGKGDMTAADSHLDKIHERSKLKKQAEAELSKTMAVATDDNSALDVCDICGHFYLVNHSDPHLKSDQHIAYDQIR,Opisthokonta,Unclassified
A0A077Z233,93.19,133.38,219,ELASLLDELMGRSRNALPTEAPKDFFLSTIALTNFSQTRKPIwvRHCNKMHDERMREAYKKSSRYGKCGYEHDFYCFLRKLHNEMARKITRNRQRLELTQPggvVSNNEFCFQKLEEKIQVLSEKVTALQAQAENLGVEGNVEEAQKIIAMADELAEERDHCQKVIFFSSLISFETPpGELKVMEVCDICGCFLIVGDSQHRLDEHLVGKQHLGFAKIK,Opisthokonta,L3-type
A0A077ZC39,230.68,183.48,218,DQIRKMLDELMGTGRDGESRRDTVRYTDTRVCRTFLLGCCPFDVLANTRMDMGLCPKIHDPALKADYEKAAKDGKANFDIDALDHLDRFFTDSDRKMEQAKKRLAETQEEMNVELTEKADKVLMLNEEIGKALAQAEKLGEEGKVEESLQLMGQVDELRKQKQEADLDYRNSMPASSYQQQKLRVCEVCSAYLGIHDNDRRLADHFGGKLHMGYAYLR,Opisthokonta,L2-type
A0A078AWF7,157.70,272.70,217,MGKDRNHPLHiRLQKRDHFDDEYVCKYNLLSFCPHDLFPNTKADIGPCQKRHDDFLKEMFKNDSDRELYQrkYEKELQSLLEQMIAQVDQKMKRSLARVENpisdpinTHEMNAHNQETVHNKIDQLEQKINFYIERAEKLGEEGKIDESEAIMKEVDKLKVQKSELEQLSDNTLLPKDKNMKVCDVCGALQATTDTDKRLQMHLEGKLHTGYLKIR,Sar,L3-type
A0A078FR09,293.47,173.93,302,MDAMRKQLDVLMGANRNGDVTEVNRKYYDRDVCRLYLSGLCPHELFQLTKMDMGPCPKVHSLQLRKEYKEAKAKGVDNYDRELEDAIDRLIVECDRKIGRALKRLQEedakaaiaisvtevtqspeilelstqikekmkeadlhdlegktdmkiralelveemrtkradlqavllleafnkdraaLPQPIPGQQPAAALPPPDPRTQEMINEKLKKAEEFGEQGMVDEAQKALEEAEALKKLTPRQEPVVDSTKYTAADVRITDQKLRLCDICGAFLSVYDSDRRLADHFGGKLHLGYMLIR,Viridiplantae,L2-type
A0A078H486,160.81,309.45,226,MDAQRALLDELMGAARNLTDEERRgfKEIKWDDREVCAFYMVRFCPHDLFVNTKSDLGACSRIHDPKLKESFENSPRHDSYVpkFEAELVQFCEKLVNDLDRKVRRGQERLAQELEPPPPPSLSGekAEQLAVLEEKIKNLLEQVEALGEEGKVDEAEALMRKVEGLNTEKAMLIQRPNDKVLAMVQEKKMALCDVCGSFLVSNDAVERTQSHVTGKQHVGYGMVR,Viridiplantae,L3-type
A0A078HIZ8,292.73,173.65,302,MDAMRKQLDVLMGANRNGDVTEVNRKYYDRDVCRLYLSGLCPHELFQLTKMDMGPCPKVHSLQLRKEYKEAKAKGVDNYDRELEDAIDRLIVECDRKIGRALKRLQEedakaaiaisvtevtqspeilelstqikekmkeadlhdlegktdmkiralelveemrtkradlqavllleafnkdraaLPQPIPGQPPAAALPPPDPRTQEMINEKLKKAEEFGEQGMVDEAQKALEEAEALKKLAPRQEPVVDSTKYTAADVRITDQKLRLCDICGAFLSVYDSDRRLADHFGGKLHLGYMLIR,Viridiplantae,L2-type
A0A078HMM3,160.44,310.10,226,MDAQRALLDELMGAARNLTDEERRgfKEIKWDDREVCAFYMVRFCPHDLFVNTKSDLGACSRIHDPKLKESFENSPRHDSYVpkFEAELVQFCEKLVNDLDRKVRRGQERLAQELEPPPPPSLSGekAEQLSVLEEKIKNLLEQVEALGEEGKVDEAEALMRKVEGLNTEKAMLIQRPNDKVLAMVQEKKMALCDVCGSFLVSNDAVERTQSHVTGKQHVGYGMVR,Viridiplantae,L3-type
A0A078IZH6,288.00,173.35,302,MDAMRKQLDVLMGANRNGDVTEVNRKYYDRDVCRLYLSGLCPHELFQLTKMDMGPCPKVHSLQLRKEYREAKAKGVDNYDRELEDAIDRLIVECDRKIGRALKRLQEedakaaiaisvtevtqspeiielskqikekmneadlhdlegktdlkiralelveemrtkradlqavllleafnkdrasLPQPIPAQQPAASLPPPDSRTQEMINEKLKKAEEFGEQGMVDEAQKALEEAEALKKLTPRQEPVVDSTKFTAADVRITDQKLRLCDICGAFLSIYDNDRRLADHFGGKLHLGYMLIR,Viridiplantae,L2-type
A0A078KKG5,142.78,295.88,214,MEEMRSLLDSLMGKDRNEMSSKRNYSFKDENVCKYYLIDFCPHDLFPNTKSDIGRCKSIHAEILKEQLENDENYKYYLakYQQKFMRKLEDIVQMADIKIERSKEKLKQLSENPKNIDDKKEKIESINTHICDLLKQAEKAGEDGDIAKATSFNNQVTTLQAEIKRLNEEGVQSSDTNLKVCEICGAMKAAGDLIQRFENHMNGKQHIGFEKIR,Sar,L3-type
A0A080WFF8,212.81,168.40,224,AEQRKLLEQLMGADQLIggPSSGRNAQVAITDPKVCRSYLAGTCPHDLFTNTKQDLGPCPKLHSEGLKAEYDAASSHEKAKwgFEYDYLRDMQKYIDECNRRIDSAQRRLEKTPDEIRQTNHLLSQISDLNKTINAGLEETSVLGELGAVATAIDEFYKVRTAKHQKESLERDLKALADTSGPSGHQKLQVCDVCGAYLSRLDNDRRLADHFFGKMHLGYAKMR,Opisthokonta,L2-type
A0A081A1E7,296.88,188.16,217,MDAQRALLDSLMGLNRDGDRPDDDATMDFRHPRVCKPYLCGLCPRELFQNTRLDLGTCKSLHLPTLRLAYEEKKSTRDFGYERELANELSRLLADVEKKIARAQRRLAEDGDDEQAPAQILQLTQDIQDAAAQAEKAAKEGNADRSLSMMEKVEMLKQKRRELLRQSNPGTSNAVDNVNQKLRVCDVCGAFLSIFDSERRLADHFGGKVHVGYVQIR,Sar,L2-type
A0A081CCP3,250.57,168.33,218,VQRMMLEKLMGPEAMGTPTANLHFTDPKVCRNFLCGTCPHDLFANTKVDLGACPKAHTPKYKDEYRKALAAGQRFpeFEREHEHNIMAFINDIDRKINTNKRRLEQTPEELARFANMNREIAEIETALAAVMAEVEALGEQGQIEESLAELAKADALKEEKVQKEEELHKAQENSGASGHQKLRVCDVCGAYLSILDSDRRLADHFGGKMHLGYLRLR,Opisthokonta,L2-type
A0A084AVX6,220.68,168.35,218,AEQRKLLEQLMGASSTSRAAQLSLDDPKVCRSYLVGTCPHDLFTNTKQDIGPCPKVHNENLKAEYEALPdrEKQRYGFDYDYMRDLQKYIDDCNRRIDAAQRRLEKTPDEIRQTNVLLKSIAELASTIENGLLEVEILGSMSEVARAQDELFRVRQAAQAKAEREKELKALSDTSGPSGHQKLQVCDVCGAYLSRLDNDRRLADHFYGKMHLGYAQMR,Opisthokonta,L2-type
A0A084FYB1,214.11,165.81,218,AEQRKLLEQLMGGSSMSRAAQLSLNDPKVCRSYLVGTCPHDLFTNTKQDIGPCPRVHNEALKAEYEAlsDKEKQKYGFDYDYMRDLQKYIDACNQRIDAAQQHLKKTPDEIRQTNLLLKTISELTSSINNGLLEVEILGEIGEVHKAVDEMYRVHQARQAKAERERELKELSDTSGPSGHQKLQVCDVCGAYLSRLDNDRRLADHFYGKMHLGYAQMR,Opisthokonta,L2-type
A0A084QK64,219.35,166.91,218,AEQRKLLEQLMGASSTSRAAQLSLDDPKVCRSYLAGTCPHDLFTNTKQDIGPCPKVHNENLKAEYEALPdrEKQRYGFDYDYMRDLQKYIDDCNRRIDAAQRRLEKTPDEIRQTNVLLKSIAELASTIENGLLEVEILGSMSEVARAQDELFRVRQAAQAKAEREKELKALSDTSGPSGHQKLQVCDVCGAYLSRLDNDRRLADHFYGKMHLGYAQMR,Opisthokonta,L2-type
A0A084VUM0,158.75,264.19,225,VARQLLDELMGRNRNLDPSASAKEVSWTDEEFCPYYLVKFCPHDLFVNTRADLGQCTKLHDDEAKKLYDDAKPCRKKNqYEEDFLRFCTNMINEVDRKIVKGKQRLLLMNsKTDGARPGVPKHQEHLNSLTERINKLVREAEEAGTRGDVEQAQGLMEQCDKLKEEKEALIKQHDSNgwSVTAEIAASQEKQMEVCEVCGAFLIVGDAQQRIDDHLTGKQHLGCV,Opisthokonta,L3-type
A0A084WBV4,245.37,184.67,218,DQMRAMLDQLMGTARNGETNRYSVKFYDSKVCKSFLLGCCPHEILASTRMDLGECPKVHDLALRADYENASKNKDYYYDVDAMEHLQAFINDCDRRTEAAKKRLAETQEELTAEVAAKANAVHELAEEIGKKLAKAEALGEAGQVEESMKLMSEIEELRGKKTRAEHEYRSSIPASTYQQQKLRVCEVCSAYLGIHDNDIRLADHFGGKLHLGFLAIR,Opisthokonta,L2-type
A0A085LU93,230.89,182.61,218,DQIRKMLDELMGTGRDGESRRDTVRYTDTRVCRTFLLGCCPFDVLANTRMDMGLCPKIHDPALKADYEKAAKDGKVNFDVDALDHLDRFFTDSDRKMEQAKKRLAETQEEMNVELTEKADKVLMLNEEIGKALAQAEKLGEEGKVEESLQLMGQVDELRKQKQEADLDYRNSMPASSYQQQKLRVCEVCSAYLGIHDNDRRLADHFGGKLHMGYAYLR,Opisthokonta,L2-type
A0A085MKR2,156.13,218.36,225,ELASLLDELMGRSRNALPTEAPKELRWSDPEVCKYFLVDYCPHELFTNTKADLGHCNKMHDERMREAYKKSSRYGKCGYEHDFYSFLRKLHNEMARKISRNRQRLELtqpggvltllvLQIANLSREKLEEKIQVLSEKVTALQAQAENLGVEGNVEEAQKIIAMADELAEERDHCQKSFETPPGELKVMEVCGICGCFLIVGDSQHRLDEHLVGKQHLGFAKIK,Opisthokonta,L3-type
A0A085NI90,154.91,209.26,244,ELASLLDELMGRSRNALPTEAPKELRWSDPEVCKYFLVDYCPHELFTNTKADLGHCNKMHDERMREAYKKSSRYGKCGYEHDFYSFLRKLHNEMARKISRNRQRLELtqpggvvsahrfhfhrnvgmleflqltllvLQIANLSREKLEEKIQVLSEKVTALQAQAENLGVEGNVEEAQKIIAMADELAEERDHCQKSFETPPGELKVMEVCGICGCFLIVGDSQHRLDEHLVGKQHLGFAKIK,Opisthokonta,L3-type
A0A085NPT0,230.89,182.61,218,DQIRKMLDELMGTGRDGESRRDTVRYTDTRVCRTFLLGCCPFDVLANTRMDMGLCPKIHDPALKADYEKAAKDGKVNFDVDALDHLDRFFTDSDRKMEQAKKRLAETQEEMNVELTEKADKVLMLNEEIGKALAQAEKLGEEGKVEESLQLMGQVDELRKQKQEADLDYRNSMPASSYQQQKLRVCEVCSAYLGIHDNDRRLADHFGGKLHMGYAYLR,Opisthokonta,L2-type
A0A086JEW1,36.49,77.94,68,AEKLNEEVALLQREVQRLKNPhADIATIRESQLRVCAVCGALQSAGDALCRYESHASGKQHRGFEKIR,Sar,L3-type
A0A086JSF0,171.39,144.83,217,EEMRAQLAALMESIKAQPTDFTDPEVCKYFLTGLCPHDLFENTesglyikgyRFSLGPCKKTHSEELRARYMEARKTRRYGYEELSIQIVKQLIEEAERKVEKGQMRSDEGHIAPPEHVRQRLMAEVKALDDDIDEKLRKVDVLTEQGDHDAAANLGEVVASLQVKRCKLLFKGAEGTPQKLRPCDVCGALLSVFDTDKRLDEHFQGRIHVGFQKLR,Sar,L2-type
A0A086K2Q7,36.49,77.94,68,AEKLNEEVALLQREVQRLKNPhADIATIRESQLRVCAVCGALQSAGDALCRYESHASGKQHRGFEKIR,Sar,L3-type
A0A086KFP6,36.49,77.94,68,AEKLNEEVALLQREVQRLKNPhADIATIRESQLRVCAVCGALQSAGDALCRYESHASGKQHRGFEKIR,Sar,L3-type
A0A086KZ44,171.39,144.83,217,EEMRAQLAALMESIKAQPTDFTDPEVCKYFLTGLCPHDLFENTesglyikgyRFSLGPCKKTHSEELRARYMEARKTRRYGYEELSIQIVKQLIEEAERKVEKGQMRSDEGHIAPPEHVRQRLMAEVKALDDDIDEKLRKVDVLTEQGDHDAAANLGEVVASLQVKRCKLLFKGAEGTPQKLRPCDVCGALLSVFDTDKRLDEHFQGRIHVGFQKLR,Sar,L2-type
A0A086L7L0,171.39,144.83,217,EEMRAQLAALMESIKAQPTDFTDPEVCKYFLTGLCPHDLFENTesglyikgyRFSLGPCKKTHSEELRARYMEARKTRRYGYEELSIQIVKQLIEEAERKVEKGQMRSDEGHIAPPEHVRQRLMAEVKALDDDIDEKLRKVDVLTEQGDHDAAANLGEVVASLQVKRCKLLFKGAEGTPQKLRPCDVCGALLSVFDTDKRLDEHFQGRIHVGFQKLR,Sar,L2-type
A0A086LML7,36.49,77.94,68,AEKLNEEVALLQREVQRLKNPhADIATIRESQLRVCAVCGALQSAGDALCRYESHASGKQHRGFEKIR,Sar,L3-type
A0A086M9G3,171.39,144.83,217,EEMRAQLAALMESIKAQPTDFTDPEVCKYFLTGLCPHDLFENTesglyikgyRFSLGPCKKTHSEELRARYMEARKTRRYGYEELSIQIVKQLIEEAERKVEKGQMRSDEGHIAPPEHVRQRLMAEVKALDDDIDEKLRKVDVLTEQGDHDAAANLGEVVASLQVKRCKLLFKGAEGTPQKLRPCDVCGALLSVFDTDKRLDEHFQGRIHVGFQKLR,Sar,L2-type
A0A086PGS0,157.97,294.95,219,MDEMRAMLDSLMGRNRNECGRNKRGDSSFKDDEICKFFLLDYCPHELFPNTRSDLGPCPKEHRPDLKEAFEKDENHEYYKalYEQEFMKFLKRLVDQMESRIKKVQQRIDANNTVTELDKDTAEKVNAVNAQISELLKKQDEAGAKGEIDVAEKLNEEVALLQREVQRLKNPHADIATIRESQLRVCAVCGALQSAGDALCRYESHASGKQHRGFEKIR,Sar,L3-type
A0A086Q522,171.39,144.83,217,EEMRAQLAALMESIKAQPTDFTDPEVCKYFLTGLCPHDLFENTesglyikgyRFSLGPCKKTHSEELRARYMEARKTRRYGYEELSIQIVKQLIEEAERKVEKGQMRSDEGHIAPPEHVRQRLMAEVKALDDDIDEKLRKVDVLTEQGDHDAAANLGEVVASLQVKRCKLLFKGAEGTPQKLRPCDVCGALLSVFDTDKRLDEHFQGRIHVGFQKLR,Sar,L2-type
